Grocery Stores in Kootenai,
name,city
Albertsons,Hayden
C & C Grocery,Coeur d'Alene
Flour Mill Natural Foods,Hayden
Fred Meyer,Coeur d'Alene
Gittel's Grocery,Coeur d'Alene
Grocery Outlet,Coeur d'Alene
Grocery Outlet,Post Falls
Harrison Trading Company,Harrison
Jordan's Grocery,Coeur d'Alene
Lakeside Harvest Foods,Coeur d'Alene
Little Town Market,Athol
Miller's Harvest Foods,Spirit Lake
Natural Grocers,Coeur d'Alene
Pilgrim's Market,Coeur d'Alene
Safeway,Coeur d'Alene
Safeway,Coeur d'Alene
Safeway,Coeur d'Alene
Super One Foods,Athol
Super One Foods,Coeur d'Alene
Super One Foods,Post Falls
Super One Foods,Rathdrum
Target,Coeur d'Alene
Trader Joe's,Coeur d'Alene
US Foods Chef's Store,Coeur d'Alene
Walmart Supercenter,Hayden
Walmart Supercenter,Post Falls
Walmart Supercenter,Post Falls
Wenig Foods,Post Falls
WinCo Foods,Coeur d'Alene
Yoke's,Post Falls
